year,period,length-mean
2017,Calm,146.0
2021,Calm,794.8055727166968
2022,Calm,724.7023897484478
2023,Calm,685.5234817656092
2023,Wartime,625.7403368896853
2024,Wartime,642.85493854492
